{"count":1,"self":328.33016319999996,"total":328.65121039999997,"children":{"InitializeActuators":{"count":8,"self":0.0019944999999999997,"total":0.0019944999999999997,"children":null},"InitializeSensors":{"count":8,"self":0.00099739999999999985,"total":0.00099739999999999985,"children":null},"AgentSendState":{"count":1089,"self":0.0050108999999999996,"total":0.0159018,"children":{"CollectObservations":{"count":1744,"self":0.0039989,"total":0.0039989,"children":null},"WriteActionMask":{"count":1744,"self":0.0009858,"total":0.0009858,"children":null},"RequestDecision":{"count":1744,"self":0.0059061999999999995,"total":0.0059061999999999995,"children":null}}},"DecideAction":{"count":1089,"self":0.2756032,"total":0.2756032,"children":null},"AgentAct":{"count":1089,"self":0.025553899999999997,"total":0.025553899999999997,"children":null}},"gauges":{"MoveToGoal.CumulativeReward":{"count":107,"max":1.85000014,"min":-1.5,"runningAverage":1.44953287,"value":1.6500001,"weightedAverage":1.560082}},"metadata":{"timer_format_version":"0.1.0","start_time_seconds":"1732033066","unity_version":"2022.3.20f1","command_line_arguments":"C:\\Program Files\\Unity\\Hub\\Editor\\2022.3.20f1\\Editor\\Unity.exe -projectpath C:\\Users\\THINKPAD\\ML_Cuyyy -useHub -hubIPC -cloudEnvironment production -licensingIpc LicenseClient-OVdj7iaiV5bi6szN2a6Ea -hubSessionId ff9494dd-206d-4ef7-96c9-1160b1a5e638 -accessToken xEM1uE9L_4nuvwj5qLygB0Adr5jpkiAp9F7QkZkvV2M011f","communication_protocol_version":"1.5.0","com.unity.ml-agents_version":"2.0.1","scene_name":"Design","end_time_seconds":"1732033395"}}